timeStamp,elapsed,label,responseCode,responseMessage,threadName,dataType,success,failureMessage,bytes,sentBytes,grpThreads,allThreads,URL,Latency,IdleTime,Connect
1621485989030,19,HTTP Request,200,OK,Thread Group 1-1,text,true,,232,212,4,4,http://localhost:3000/consensus,19,0,0
1621485989036,28,HTTP Request,200,OK,Thread Group 1-2,text,true,,232,212,5,5,http://localhost:3000/consensus,28,0,1
1621485989045,36,HTTP Request,200,OK,Thread Group 1-3,text,true,,232,212,7,7,http://localhost:3000/consensus,36,0,1
1621485989048,39,HTTP Request,200,OK,Thread Group 1-4,text,true,,232,212,7,7,http://localhost:3000/consensus,39,0,1
1621485989054,37,HTTP Request,200,OK,Thread Group 1-5,text,true,,232,212,7,7,http://localhost:3000/consensus,37,0,1
1621485989067,47,HTTP Request,200,OK,Thread Group 1-7,text,true,,232,212,10,10,http://localhost:3000/consensus,47,0,0
1621485989061,55,HTTP Request,200,OK,Thread Group 1-6,text,true,,232,212,9,9,http://localhost:3000/consensus,55,0,0
1621485989073,50,HTTP Request,200,OK,Thread Group 1-8,text,true,,232,212,9,9,http://localhost:3000/consensus,50,0,0
1621485989078,53,HTTP Request,200,OK,Thread Group 1-9,text,true,,232,212,9,9,http://localhost:3000/consensus,53,0,1
1621485989084,53,HTTP Request,200,OK,Thread Group 1-10,text,true,,232,212,9,9,http://localhost:3000/consensus,53,0,1
1621485989090,57,HTTP Request,200,OK,Thread Group 1-11,text,true,,232,212,10,10,http://localhost:3000/consensus,57,0,1
1621485989096,64,HTTP Request,200,OK,Thread Group 1-12,text,true,,232,212,11,11,http://localhost:3000/consensus,64,0,1
1621485989103,66,HTTP Request,200,OK,Thread Group 1-13,text,true,,232,212,12,12,http://localhost:3000/consensus,66,0,0
1621485989109,68,HTTP Request,200,OK,Thread Group 1-14,text,true,,232,212,12,12,http://localhost:3000/consensus,68,0,0
1621485989114,67,HTTP Request,200,OK,Thread Group 1-15,text,true,,232,212,12,12,http://localhost:3000/consensus,67,0,0
1621485989120,69,HTTP Request,200,OK,Thread Group 1-16,text,true,,232,212,12,12,http://localhost:3000/consensus,69,0,0
1621485989126,71,HTTP Request,200,OK,Thread Group 1-17,text,true,,232,212,12,12,http://localhost:3000/consensus,71,0,0
1621485989133,73,HTTP Request,200,OK,Thread Group 1-18,text,true,,232,212,13,13,http://localhost:3000/consensus,73,0,0
1621485989138,84,HTTP Request,200,OK,Thread Group 1-19,text,true,,232,212,14,14,http://localhost:3000/consensus,84,0,1
1621485989144,83,HTTP Request,200,OK,Thread Group 1-20,text,true,,232,212,14,14,http://localhost:3000/consensus,83,0,0
1621485989150,81,HTTP Request,200,OK,Thread Group 1-21,text,true,,232,212,14,14,http://localhost:3000/consensus,81,0,1
1621485989156,87,HTTP Request,200,OK,Thread Group 1-22,text,true,,232,212,15,15,http://localhost:3000/consensus,87,0,0
1621485989162,81,HTTP Request,200,OK,Thread Group 1-23,text,true,,232,212,15,15,http://localhost:3000/consensus,81,0,0
1621485989168,85,HTTP Request,200,OK,Thread Group 1-24,text,true,,232,212,15,15,http://localhost:3000/consensus,85,0,1
1621485989174,91,HTTP Request,200,OK,Thread Group 1-25,text,true,,232,212,16,16,http://localhost:3000/consensus,91,0,0
1621485989180,91,HTTP Request,200,OK,Thread Group 1-26,text,true,,232,212,16,16,http://localhost:3000/consensus,91,0,1
1621485989186,95,HTTP Request,200,OK,Thread Group 1-27,text,true,,232,212,16,16,http://localhost:3000/consensus,95,0,1
1621485989192,95,HTTP Request,200,OK,Thread Group 1-28,text,true,,232,212,16,16,http://localhost:3000/consensus,95,0,1
1621485989199,93,HTTP Request,200,OK,Thread Group 1-29,text,true,,232,212,16,16,http://localhost:3000/consensus,93,0,1
1621485989204,93,HTTP Request,200,OK,Thread Group 1-30,text,true,,232,212,16,16,http://localhost:3000/consensus,93,0,1
1621485989211,91,HTTP Request,200,OK,Thread Group 1-31,text,true,,232,212,16,16,http://localhost:3000/consensus,91,0,0
1621485989217,90,HTTP Request,200,OK,Thread Group 1-32,text,true,,232,212,16,16,http://localhost:3000/consensus,90,0,0
1621485989223,97,HTTP Request,200,OK,Thread Group 1-33,text,true,,232,212,17,17,http://localhost:3000/consensus,97,0,0
1621485989228,92,HTTP Request,200,OK,Thread Group 1-34,text,true,,232,212,17,17,http://localhost:3000/consensus,92,0,0
1621485989234,95,HTTP Request,200,OK,Thread Group 1-35,text,true,,232,212,16,16,http://localhost:3000/consensus,95,0,0
1621485989240,99,HTTP Request,200,OK,Thread Group 1-36,text,true,,232,212,17,17,http://localhost:3000/consensus,99,0,0
1621485989252,95,HTTP Request,200,OK,Thread Group 1-38,text,true,,232,212,17,17,http://localhost:3000/consensus,95,0,0
1621485989246,102,HTTP Request,200,OK,Thread Group 1-37,text,true,,232,212,16,16,http://localhost:3000/consensus,102,0,0
1621485989258,96,HTTP Request,200,OK,Thread Group 1-39,text,true,,232,212,17,17,http://localhost:3000/consensus,96,0,0
1621485989265,100,HTTP Request,200,OK,Thread Group 1-40,text,true,,232,212,17,17,http://localhost:3000/consensus,100,0,0
1621485989270,117,HTTP Request,200,OK,Thread Group 1-41,text,true,,232,212,20,20,http://localhost:3000/consensus,117,0,1
1621485989276,112,HTTP Request,200,OK,Thread Group 1-42,text,true,,232,212,20,20,http://localhost:3000/consensus,112,0,1
1621485989282,106,HTTP Request,200,OK,Thread Group 1-43,text,true,,232,212,20,20,http://localhost:3000/consensus,106,0,1
1621485989288,100,HTTP Request,200,OK,Thread Group 1-44,text,true,,232,212,17,17,http://localhost:3000/consensus,100,0,1
1621485989295,102,HTTP Request,200,OK,Thread Group 1-45,text,true,,232,212,18,18,http://localhost:3000/consensus,102,0,0
1621485989300,109,HTTP Request,200,OK,Thread Group 1-46,text,true,,232,212,19,19,http://localhost:3000/consensus,109,0,1
1621485989318,95,HTTP Request,200,OK,Thread Group 1-49,text,true,,232,212,18,18,http://localhost:3000/consensus,95,0,1
1621485989313,100,HTTP Request,200,OK,Thread Group 1-48,text,true,,232,212,18,18,http://localhost:3000/consensus,100,0,0
1621485989324,108,HTTP Request,200,OK,Thread Group 1-50,text,true,,232,212,20,20,http://localhost:3000/consensus,108,0,0
1621485989330,102,HTTP Request,200,OK,Thread Group 1-51,text,true,,232,212,20,20,http://localhost:3000/consensus,102,0,1
1621485989336,102,HTTP Request,200,OK,Thread Group 1-52,text,true,,232,212,19,19,http://localhost:3000/consensus,102,0,0
1621485989342,111,HTTP Request,200,OK,Thread Group 1-53,text,true,,232,212,20,20,http://localhost:3000/consensus,111,0,0
1621485989348,111,HTTP Request,200,OK,Thread Group 1-54,text,true,,232,212,20,20,http://localhost:3000/consensus,111,0,0
1621485989366,124,HTTP Request,200,OK,Thread Group 1-57,text,true,,232,212,24,24,http://localhost:3000/consensus,124,0,0
1621485989372,118,HTTP Request,200,OK,Thread Group 1-58,text,true,,232,212,24,24,http://localhost:3000/consensus,118,0,0
1621485989360,130,HTTP Request,200,OK,Thread Group 1-56,text,true,,232,212,22,22,http://localhost:3000/consensus,130,0,0
1621485989378,112,HTTP Request,200,OK,Thread Group 1-59,text,true,,232,212,21,21,http://localhost:3000/consensus,112,0,1
1621485989390,110,HTTP Request,200,OK,Thread Group 1-61,text,true,,232,212,22,22,http://localhost:3000/consensus,110,0,1
1621485989384,116,HTTP Request,200,OK,Thread Group 1-60,text,true,,232,212,22,22,http://localhost:3000/consensus,116,0,1
1621485989403,121,HTTP Request,200,OK,Thread Group 1-63,text,true,,232,212,23,23,http://localhost:3000/consensus,121,0,0
1621485989398,126,HTTP Request,200,OK,Thread Group 1-62,text,true,,232,212,23,23,http://localhost:3000/consensus,126,0,0
1621485989415,117,HTTP Request,200,OK,Thread Group 1-65,text,true,,232,212,23,23,http://localhost:3000/consensus,117,0,1
1621485989409,123,HTTP Request,200,OK,Thread Group 1-64,text,true,,232,212,23,23,http://localhost:3000/consensus,123,0,0
1621485989421,129,HTTP Request,200,OK,Thread Group 1-66,text,true,,232,212,24,24,http://localhost:3000/consensus,129,0,0
1621485989444,111,HTTP Request,200,OK,Thread Group 1-70,text,true,,232,212,24,24,http://localhost:3000/consensus,111,0,1
1621485989427,128,HTTP Request,200,OK,Thread Group 1-67,text,true,,232,212,24,24,http://localhost:3000/consensus,128,0,0
1621485989432,124,HTTP Request,200,OK,Thread Group 1-68,text,true,,232,212,24,24,http://localhost:3000/consensus,124,0,0
1621485989450,113,HTTP Request,200,OK,Thread Group 1-71,text,true,,232,212,22,22,http://localhost:3000/consensus,113,0,1
1621485989438,135,HTTP Request,200,OK,Thread Group 1-69,text,true,,232,212,23,23,http://localhost:3000/consensus,135,0,1
1621485989456,130,HTTP Request,200,OK,Thread Group 1-72,text,true,,232,212,23,23,http://localhost:3000/consensus,130,0,0
1621485989462,124,HTTP Request,200,OK,Thread Group 1-73,text,true,,232,212,23,23,http://localhost:3000/consensus,124,0,1
1621485989474,125,HTTP Request,200,OK,Thread Group 1-75,text,true,,232,212,24,24,http://localhost:3000/consensus,125,0,1
1621485989469,130,HTTP Request,200,OK,Thread Group 1-74,text,true,,232,212,24,24,http://localhost:3000/consensus,130,0,1
1621485989481,126,HTTP Request,200,OK,Thread Group 1-76,text,true,,232,212,23,23,http://localhost:3000/consensus,126,0,1
1621485989486,130,HTTP Request,200,OK,Thread Group 1-77,text,true,,232,212,24,24,http://localhost:3000/consensus,129,0,1
1621485989492,124,HTTP Request,200,OK,Thread Group 1-78,text,true,,232,212,24,24,http://localhost:3000/consensus,124,0,1
1621485989499,122,HTTP Request,200,OK,Thread Group 1-79,text,true,,232,212,23,23,http://localhost:3000/consensus,122,0,1
1621485989505,123,HTTP Request,200,OK,Thread Group 1-80,text,true,,232,212,23,23,http://localhost:3000/consensus,123,0,0
1621485989517,118,HTTP Request,200,OK,Thread Group 1-82,text,true,,232,212,23,23,http://localhost:3000/consensus,118,0,0
1621485989511,124,HTTP Request,200,OK,Thread Group 1-81,text,true,,232,212,23,23,http://localhost:3000/consensus,124,0,1
1621485989526,120,HTTP Request,200,OK,Thread Group 1-83,text,true,,232,212,23,23,http://localhost:3000/consensus,120,0,1
1621485989528,126,HTTP Request,200,OK,Thread Group 1-84,text,true,,232,212,23,23,http://localhost:3000/consensus,126,0,0
1621485989540,128,HTTP Request,200,OK,Thread Group 1-86,text,true,,232,212,25,25,http://localhost:3000/consensus,128,0,1
1621485989536,132,HTTP Request,200,OK,Thread Group 1-85,text,true,,232,212,24,24,http://localhost:3000/consensus,132,0,1
1621485989552,137,HTTP Request,200,OK,Thread Group 1-88,text,true,,232,212,26,26,http://localhost:3000/consensus,137,0,1
1621485989571,129,HTTP Request,200,OK,Thread Group 1-91,text,true,,232,212,27,27,http://localhost:3000/consensus,129,0,0
1621485989577,123,HTTP Request,200,OK,Thread Group 1-92,text,true,,232,212,27,27,http://localhost:3000/consensus,123,0,0
1621485989558,142,HTTP Request,200,OK,Thread Group 1-89,text,true,,232,212,27,27,http://localhost:3000/consensus,142,0,1
1621485989565,136,HTTP Request,200,OK,Thread Group 1-90,text,true,,232,212,24,24,http://localhost:3000/consensus,136,0,1
1621485989590,117,HTTP Request,200,OK,Thread Group 1-93,text,true,,232,212,24,24,http://localhost:3000/consensus,117,0,0
1621485989610,118,HTTP Request,200,OK,Thread Group 1-97,text,true,,232,212,27,27,http://localhost:3000/consensus,118,0,1
1621485989594,134,HTTP Request,200,OK,Thread Group 1-95,text,true,,232,212,26,26,http://localhost:3000/consensus,134,0,0
1621485989613,121,HTTP Request,200,OK,Thread Group 1-98,text,true,,232,212,26,26,http://localhost:3000/consensus,121,0,1
1621485989618,126,HTTP Request,200,OK,Thread Group 1-99,text,true,,232,212,27,27,http://localhost:3000/consensus,126,0,0
1621485989600,145,HTTP Request,200,OK,Thread Group 1-96,text,true,,232,212,26,26,http://localhost:3000/consensus,145,0,1
1621485989624,149,HTTP Request,200,OK,Thread Group 1-100,text,true,,232,212,29,29,http://localhost:3000/consensus,149,0,0
1621485989631,142,HTTP Request,200,OK,Thread Group 1-101,text,true,,232,212,29,29,http://localhost:3000/consensus,142,0,0
1621485989636,144,HTTP Request,200,OK,Thread Group 1-102,text,true,,232,212,29,29,http://localhost:3000/consensus,144,0,0
1621485989643,137,HTTP Request,200,OK,Thread Group 1-103,text,true,,232,212,29,29,http://localhost:3000/consensus,137,0,1
1621485989648,133,HTTP Request,200,OK,Thread Group 1-104,text,true,,232,212,27,27,http://localhost:3000/consensus,133,0,1
1621485989654,127,HTTP Request,200,OK,Thread Group 1-105,text,true,,232,212,26,26,http://localhost:3000/consensus,127,0,1
1621485989660,144,HTTP Request,200,OK,Thread Group 1-106,text,true,,232,212,29,29,http://localhost:3000/consensus,144,0,1
1621485989668,136,HTTP Request,200,OK,Thread Group 1-107,text,true,,232,212,29,29,http://localhost:3000/consensus,136,0,0
1621485989679,135,HTTP Request,200,OK,Thread Group 1-109,text,true,,232,212,28,28,http://localhost:3000/consensus,135,0,1
1621485989684,130,HTTP Request,200,OK,Thread Group 1-110,text,true,,232,212,28,28,http://localhost:3000/consensus,130,0,1
1621485989688,133,HTTP Request,200,OK,Thread Group 1-108,text,true,,232,212,27,27,http://localhost:3000/consensus,133,0,0
1621485989690,135,HTTP Request,200,OK,Thread Group 1-111,text,true,,232,212,27,27,http://localhost:3000/consensus,135,0,1
1621485989703,130,HTTP Request,200,OK,Thread Group 1-113,text,true,,232,212,27,27,http://localhost:3000/consensus,130,0,0
1621485989697,136,HTTP Request,200,OK,Thread Group 1-112,text,true,,232,212,27,27,http://localhost:3000/consensus,136,0,1
1621485989708,126,HTTP Request,200,OK,Thread Group 1-114,text,true,,232,212,27,27,http://localhost:3000/consensus,126,0,0
1621485989715,129,HTTP Request,200,OK,Thread Group 1-115,text,true,,232,212,26,26,http://localhost:3000/consensus,129,0,0
1621485989720,130,HTTP Request,200,OK,Thread Group 1-116,text,true,,232,212,26,26,http://localhost:3000/consensus,130,0,0
1621485989739,136,HTTP Request,200,OK,Thread Group 1-119,text,true,,232,212,29,29,http://localhost:3000/consensus,136,0,1
1621485989750,125,HTTP Request,200,OK,Thread Group 1-121,text,true,,232,212,29,29,http://localhost:3000/consensus,125,0,1
1621485989745,130,HTTP Request,200,OK,Thread Group 1-120,text,true,,232,212,29,29,http://localhost:3000/consensus,130,0,0
1621485989756,131,HTTP Request,200,OK,Thread Group 1-122,text,true,,232,212,28,28,http://localhost:3000/consensus,131,0,1
1621485989762,125,HTTP Request,200,OK,Thread Group 1-123,text,true,,232,212,28,28,http://localhost:3000/consensus,125,0,1
1621485989768,130,HTTP Request,200,OK,Thread Group 1-124,text,true,,232,212,28,28,http://localhost:3000/consensus,130,0,1
1621485989780,129,HTTP Request,200,OK,Thread Group 1-126,text,true,,232,212,29,29,http://localhost:3000/consensus,129,0,1
1621485989774,135,HTTP Request,200,OK,Thread Group 1-125,text,true,,232,212,29,29,http://localhost:3000/consensus,135,0,1
1621485989787,128,HTTP Request,200,OK,Thread Group 1-127,text,true,,232,212,28,28,http://localhost:3000/consensus,128,0,0
1621485989793,127,HTTP Request,200,OK,Thread Group 1-128,text,true,,232,212,28,28,http://localhost:3000/consensus,127,0,0
1621485989804,121,HTTP Request,200,OK,Thread Group 1-130,text,true,,232,212,28,28,http://localhost:3000/consensus,121,0,0
1621485989825,117,HTTP Request,200,OK,Thread Group 1-133,text,true,,232,212,30,30,http://localhost:3000/consensus,117,0,0
1621485989829,114,HTTP Request,200,OK,Thread Group 1-134,text,true,,232,212,30,30,http://localhost:3000/consensus,114,0,1
1621485989812,131,HTTP Request,200,OK,Thread Group 1-131,text,true,,232,212,30,30,http://localhost:3000/consensus,131,0,0
1621485989817,127,HTTP Request,200,OK,Thread Group 1-132,text,true,,232,212,27,27,http://localhost:3000/consensus,127,0,0
1621485989841,115,HTTP Request,200,OK,Thread Group 1-136,text,true,,232,212,28,28,http://localhost:3000/consensus,115,0,0
1621485989859,113,HTTP Request,200,OK,Thread Group 1-139,text,true,,232,212,30,30,http://localhost:3000/consensus,113,0,0
1621485989865,108,HTTP Request,200,OK,Thread Group 1-140,text,true,,232,212,30,30,http://localhost:3000/consensus,108,0,1
1621485989870,114,HTTP Request,200,OK,Thread Group 1-141,text,true,,232,212,30,30,http://localhost:3000/consensus,114,0,0
1621485989876,109,HTTP Request,200,OK,Thread Group 1-142,text,true,,232,212,29,29,http://localhost:3000/consensus,109,0,1
1621485989883,111,HTTP Request,200,OK,Thread Group 1-143,text,true,,232,212,28,28,http://localhost:3000/consensus,111,0,0
1621485989890,104,HTTP Request,200,OK,Thread Group 1-144,text,true,,232,212,28,28,http://localhost:3000/consensus,104,0,1
1621485989895,106,HTTP Request,200,OK,Thread Group 1-145,text,true,,232,212,26,26,http://localhost:3000/consensus,106,0,0
1621485989902,106,HTTP Request,200,OK,Thread Group 1-146,text,true,,232,212,25,25,http://localhost:3000/consensus,106,0,1
1621485989912,107,HTTP Request,200,OK,Thread Group 1-148,text,true,,232,212,24,24,http://localhost:3000/consensus,107,0,1
1621485989906,113,HTTP Request,200,OK,Thread Group 1-147,text,true,,232,212,24,24,http://localhost:3000/consensus,113,0,0
1621485989918,105,HTTP Request,200,OK,Thread Group 1-149,text,true,,232,212,22,22,http://localhost:3000/consensus,105,0,1
1621485989924,101,HTTP Request,200,OK,Thread Group 1-150,text,true,,232,212,21,21,http://localhost:3000/consensus,101,0,1
1621485989943,89,HTTP Request,200,OK,Thread Group 1-153,text,true,,232,212,20,20,http://localhost:3000/consensus,89,0,1
1621485989931,101,HTTP Request,200,OK,Thread Group 1-151,text,true,,232,212,20,20,http://localhost:3000/consensus,101,0,1
1621485989950,84,HTTP Request,200,OK,Thread Group 1-154,text,true,,232,212,18,18,http://localhost:3000/consensus,84,0,0
1621485989937,97,HTTP Request,200,OK,Thread Group 1-152,text,true,,232,212,17,17,http://localhost:3000/consensus,97,0,0
1621485989955,82,HTTP Request,200,OK,Thread Group 1-155,text,true,,232,212,16,16,http://localhost:3000/consensus,82,0,0
1621485989961,78,HTTP Request,200,OK,Thread Group 1-156,text,true,,232,212,15,15,http://localhost:3000/consensus,78,0,0
1621485989966,75,HTTP Request,200,OK,Thread Group 1-157,text,true,,232,212,14,14,http://localhost:3000/consensus,75,0,0
1621485989978,64,HTTP Request,200,OK,Thread Group 1-159,text,true,,232,212,13,13,http://localhost:3000/consensus,64,0,0
